Topic,Start,End,Supporting Evidence
Expert Qualifications and Scope of Testimony,"Page 7, Line 11","Page 11, Line 21","Establishment of witness credentials, professional background as an attorney, and scope of expert testimony."
Analysis of Student Loan Debt and Repayment Policies,"Page 11, Line 22","Page 16, Line 19","Examination of expert report content regarding student loan cancellation, income-driven repayment rules, and legislative impacts."
Regulatory Oversight and Servicer Performance,"Page 16, Line 20","Page 21, Line 23","Discussion of student loan servicing standards, regulatory comments, congressional testimony, and industry transitions."
Student Loan Servicing Transfers and Data Risks,"Page 21, Line 24","Page 26, Line 25","Examination of the witness's knowledge regarding the mechanics of student loan portfolio transfers, data loss risks, and historical instances of servicer transitions."
Evaluation of ITT Technical Institute Outcomes,"Page 27, Line 1","Page 34, Line 21","Analysis of the witness's expertise regarding for-profit education, specifically the value of ITT diplomas, student debt outcomes, and statistical performance compared to non-attendees."
Allegations of Misrepresentation Regarding ITT Educational Outcomes,"Page 34, Line 22","Page 38, Line 25","Discussion of ITT's alleged misrepresentation of degree value, job placement rates, and salary expectations for graduates."
Analysis of Graduate Salary Data and Typicality,"Page 39, Line 1","Page 42, Line 25",Examination of specific salary scenarios and the witness's assessment of whether high-earning graduates represent the typical ITT experience.
Inquiry into Vervent Defendants' Servicing Role,"Page 43, Line 1","Page 47, Line 25",Questioning regarding the timeline and nature of the Vervent defendants' involvement in loan servicing responsibilities.
Documentary Evidence and Compliance Review,"Page 50, Line 20","Page 55, Line 25",Analysis of the documents available to Vervent and the witness's assessment of compliance with relevant laws.
Disclosure Requirements and Loan Origination,"Page 56, Line 1","Page 60, Line 19","Discussion of borrower disclosure rights, the impact of missing disclosures on loan cancellation, and post-origination events."
Loan Origination Procedures and Consumer Protections,"Page 60, Line 20","Page 64, Line 25","Examination of loan origination processes, consumer protection compliance, and the role of ITT in the Title IV program."
Regulatory Investigations and Findings Regarding ITT and PEAKS Loans,"Page 65, Line 1","Page 73, Line 25","Discussion of CFPB and SEC investigations, whistleblower reports, and the specific findings or settlements related to the PEAKS loan program."
Historical Investigations into ITT and PEAKS Loans,"Page 74, Line 1","Page 78, Line 25",Examination of the witness's knowledge regarding 2014 state and federal investigations into ITT and the PEAKS loan program.
Vervent's Continued Collection and Contractual Obligations,"Page 79, Line 1","Page 82, Line 25",Discussion of Vervent's decision to continue loan collections and their operational role in managing borrower data and payments.
Enforceability of PEAKS Loans,"Page 83, Line 1","Page 86, Line 18",Testimony regarding the timeline of when the PEAKS loans were deemed unenforceable and the lack of prior governmental determinations.
Enforceability and Scope of PEAKS Loans,"Page 86, Line 19","Page 88, Line 17",Examination regarding the legal enforceability of PEAKS loans and the witness's expert report scope.
